ID,Name,Age,Department,Salary
1,User_1,46,Sales,100300
2,User_2,29,HR,72677
3,User_3,21,Engineering,105609
4,User_4,45,Sales,146825
5,User_5,36,Sales,106661
6,User_6,27,Sales,81024
7,User_7,20,HR,120313
8,User_8,28,HR,103006
9,User_9,30,Engineering,145285
10,User_10,41,Engineering,65338
11,User_11,35,Engineering,118027
12,User_12,26,HR,142772
13,User_13,48,HR,130135
14,User_14,29,Engineering,69508
15,User_15,42,Engineering,53051
16,User_16,45,HR,98747
17,User_17,22,Engineering,137142
18,User_18,37,Sales,137235
19,User_19,44,HR,104021
20,User_20,43,Engineering,116412
