Employee_ID,Department,Engagement_Score,Attrition_Rate
1,HR,54,0.11
2,HR,75,0.02
3,Engineering,63,0.17
4,HR,88,0.06
5,Engineering,76,0.04
6,Engineering,58,0.01
7,Sales,64,0.12
8,Engineering,64,0.14
9,Sales,75,0.0
10,Engineering,91,0.1
11,Engineering,62,0.05
12,Sales,81,0.13
13,Sales,88,0.03
14,Engineering,98,0.14
15,HR,81,0.08
16,Sales,53,0.19
17,HR,79,0.03
18,HR,86,0.07
19,HR,72,0.02
20,Sales,88,0.18
21,HR,94,0.18
22,Sales,64,0.05
23,HR,92,0.13
24,Engineering,78,0.16
25,Engineering,85,0.11
26,Sales,62,0.11
27,Engineering,81,0.05
28,Engineering,56,0.02
29,HR,71,0.18
30,Sales,77,0.18
31,HR,51,0.13
32,HR,91,0.07
33,HR,94,0.07
34,HR,55,0.15
35,HR,77,0.18
36,HR,77,0.18
37,HR,93,0.16
38,Sales,93,0.13
39,Engineering,69,0.02
40,HR,79,0.03
41,HR,60,0.18
42,HR,77,0.12
43,HR,74,0.0
44,HR,88,0.02
45,HR,82,0.13
46,Engineering,50,0.0
47,Engineering,76,0.03
48,HR,62,0.11
49,Engineering,90,0.14
50,Sales,52,0.13
51,HR,88,0.04
52,Sales,55,0.14
53,Sales,57,0.05
54,HR,76,0.07
55,Engineering,58,0.15
56,Sales,86,0.13
57,HR,82,0.17
58,Sales,91,0.13
59,Sales,93,0.11
60,Sales,73,0.02
61,Sales,64,0.07
62,Engineering,81,0.05
63,Sales,81,0.05
64,Sales,73,0.19
65,Sales,90,0.08
66,Engineering,98,0.18
67,Sales,98,0.13
68,Sales,61,0.16
69,Engineering,88,0.1
70,Engineering,51,0.12
71,Engineering,52,0.1
72,Sales,98,0.04
73,Engineering,86,0.14
74,Engineering,98,0.06
75,Sales,66,0.0
76,Engineering,98,0.13
77,Sales,51,0.04
78,HR,51,0.19
79,Engineering,77,0.19
80,HR,72,0.18
81,Sales,86,0.07
82,Engineering,81,0.0
83,Sales,82,0.19
84,HR,50,0.09
85,Sales,68,0.19
86,Engineering,51,0.19
87,Engineering,93,0.17
88,HR,75,0.06
89,Sales,81,0.08
90,Engineering,55,0.17
91,HR,81,0.06
92,Engineering,53,0.03
93,Engineering,60,0.11
94,Sales,66,0.19
95,Engineering,87,0.14
96,Sales,73,0.11
97,Engineering,54,0.02
98,HR,83,0.12
99,Engineering,55,0.2
100,Sales,71,0.03
