Employee_ID,Department,Engagement_Score,Attrition_Rate,Diversity_Score
1,Marketing,88,0.2,74
2,Sales,90,0.05,93
3,Engineering,77,0.2,98
4,Sales,56,0.08,86
5,Engineering,58,0.01,83
6,Engineering,57,0.07,90
7,Sales,61,0.13,72
8,Sales,83,0.14,97
9,Engineering,82,0.11,70
10,HR,97,0.09,89
11,Marketing,72,0.11,98
12,Sales,73,0.12,90
13,Marketing,86,0.02,92
14,HR,84,0.07,70
15,HR,93,0.05,72
16,HR,89,0.16,87
17,Sales,71,0.09,94
18,HR,76,0.2,79
19,Sales,84,0.08,91
20,HR,50,0.16,95
21,Marketing,84,0.16,72
22,Marketing,86,0.03,77
23,Engineering,96,0.1,83
24,Marketing,63,0.14,93
25,Engineering,52,0.17,87
26,Marketing,50,0.07,84
27,Sales,54,0.04,91
28,Marketing,75,0.14,92
29,Engineering,63,0.16,71
30,Engineering,88,0.07,96
31,HR,76,0.02,79
32,Sales,58,0.19,71
33,Marketing,64,0.08,95
34,HR,64,0.1,86
35,Marketing,75,0.17,77
36,Marketing,91,0.14,70
37,HR,62,0.15,78
38,HR,81,0.04,80
39,HR,88,0.11,91
40,HR,98,0.14,85
41,HR,81,0.05,76
42,Marketing,53,0.03,98
43,HR,79,0.2,79
44,Sales,86,0.1,92
45,Engineering,72,0.05,95
46,HR,88,0.2,72
47,HR,94,0.19,87
48,Marketing,64,0.11,94
49,HR,92,0.18,93
50,HR,78,0.04,82
51,HR,85,0.06,97
52,Marketing,62,0.14,95
53,HR,81,0.17,76
54,Engineering,56,0.17,94
55,Marketing,71,0.08,73
56,Engineering,77,0.18,82
57,Marketing,51,0.17,89
58,HR,91,0.19,70
59,Engineering,94,0.16,77
60,Marketing,55,0.13,83
61,Sales,77,0.12,85
62,HR,77,0.07,83
63,Marketing,93,0.19,81
64,Sales,93,0.19,88
65,Marketing,69,0.06,92
66,Sales,79,0.06,84
67,HR,60,0.1,97
68,Engineering,77,0.09,71
69,Sales,74,0.2,71
70,Marketing,88,0.04,92
71,HR,82,0.0,91
72,Sales,50,0.1,88
73,Marketing,76,0.04,94
74,Marketing,62,0.07,95
75,Marketing,90,0.15,99
76,Sales,52,0.14,98
77,Sales,88,0.06,91
78,Sales,55,0.11,95
79,Engineering,57,0.1,95
80,Sales,76,0.13,91
81,Sales,58,0.05,86
82,Sales,86,0.12,89
83,Engineering,82,0.2,79
84,Sales,91,0.1,75
85,Marketing,93,0.18,84
86,Sales,73,0.09,91
87,Marketing,64,0.07,80
88,Marketing,81,0.13,97
89,Marketing,81,0.13,74
90,Engineering,73,0.17,70
91,Engineering,90,0.05,77
92,Engineering,98,0.1,90
93,Sales,98,0.11,97
94,Marketing,61,0.15,81
95,Engineering,88,0.01,81
96,Engineering,51,0.2,74
97,Sales,52,0.09,76
98,Engineering,98,0.06,73
99,Sales,86,0.18,75
100,HR,98,0.15,82
