ID,Name,Age,Department,Salary,Feedback,Salary Bracket
1,User_1,39,HR,53343,Great performance.,Low
2,User_2,49,Sales,63500,Needs improvement in collaboration.,Low
3,User_3,34,HR,103222,Exceptional leadership skills.,High
4,User_4,22,Sales,79375,"Average performance, potential for growth.",Medium
5,User_5,42,HR,59662,Outstanding technical skills.,Low
6,User_6,27,Engineering,66964,,Low
7,User_7,39,Engineering,109638,,High
8,User_8,35,Sales,123666,,High
9,User_9,32,Sales,135067,,High
10,User_10,37,Sales,117215,,High
11,User_11,47,HR,119042,,High
12,User_12,29,HR,63284,,Low
13,User_13,49,Sales,122789,,High
14,User_14,38,Engineering,134664,,High
15,User_15,36,HR,143468,,High
16,User_16,43,HR,111389,,High
17,User_17,38,HR,59435,,Low
18,User_18,47,Sales,104340,,High
19,User_19,45,Sales,94078,,Medium
20,User_20,42,Sales,128832,,High
